id,title,description,link,image_link,price,sale_price,availability,condition,google_product_category,product_type,brand,gtin,mpn,tax,color,gender,material,pattern,size,size_type,shipping,shipping_weight,shipping_width,custom_label_0,custom_label_1,custom_label_2,custom_label_3,custom_label_4
81,Bubbles Circle Nordic Style Stickers Bathroom Wall Window Shower Waterproof,"No paint, no tool, no sticky paste necessary. Ideal for dry, clean, and smooth surfaces. Can be stuck onto most smooth surfaces including: walls, doors, windows, mirrors, refrigerators, cars, ect. You can have your kids help you put up the stickers so they can enjoy the fun of personalizing their very own room, also can serve as an eye-catching decorating. A beautiful art wall decal for your home or office and make your room a refreshing look, create an enchanting atmosphere. &nbsp; Specifications:&nbsp; Material: PVC&nbsp; Color: Black Size: 43.5 x 20cm (appr.) Finished size: You can DIY as what you want, size is no fixed Package includes:&nbsp; 1 pc Wall sticker &nbsp; FAQs: HOW MUCH DOES SHIPPING COST? Standard Shipping: $3.99 on all orders below $50. We offer Free shipping on all orders over $50. WHERE DO WE DELIVER? We provide worldwide shipping. HOW LONG WILL IT TAKE FOR THE BUYER TO RECEIVE THEIR ORDER? On average, merchandise is produced and shipped from our facility 2-5 business days after purchase.&nbsp; Transit time: 5-14&nbsp;business days. ",https://marqdeals.com/bubbles-circle-stickers-bathroom-wall-window-shower-waterproof/?variant=81,https://cdn11.bigcommerce.com/s-1544t8v4h8/products/116/images/399/Bubbles-Circle-Bathroom-Wall-Window-Shower-Waterproof-Glass-Stickers-Tile-Decoration-For-Bathroom-Kids-Room-DIY.jpg_Q90.jpg___82052.1647269436.386.513.jpg?c=1,14.97 USD,,In stock,new,Home & Garden > Bathroom Accessories,bath,N/A,,,,,,,,,,,0.5,,,,,,
90,Chenille Non Slip Bath Mat Soft Plush,"Features: Chenille material, soft and comfortable. Thick and dense, absorbs a lot of water. PVC non-slip bottom, more secure. Easy to clean, hand or machine washable. Multi-scene use, can be used in bathroom, kitchen, living room and bedroom. Specifications:&nbsp; Feature: Eco-Friendly Size:&nbsp;50x80 cm / 19x31 inches Color: Green, Gray, Blue, Maroon, Red Top: 3m High Piles of Plus Chenille, Middle Layer: 5mm Sponge, Buttom: PVC Material Package includes: Chenille Non Slip Bath Mat Soft Plush * 1 PC FAQs: HOW MUCH DOES SHIPPING COST? Standard Shipping: $3.99 on all orders below $50. We offer Free shipping on all orders over $50. WHERE DO WE DELIVER? We provide worldwide shipping. HOW LONG WILL IT TAKE FOR THE BUYER TO RECEIVE THEIR ORDER? On average, merchandise is produced and shipped from our facility 2-5 business days after purchase.&nbsp; Transit time: 5-14&nbsp;business days. ",https://marqdeals.com/chenille-non-slip-bath-mat-soft-plush/?variant=90,https://cdn11.bigcommerce.com/s-1544t8v4h8/product_images/attribute_rule_images/8_source_1647274748.jpg,34.99 USD,,In stock,new,Home & Garden > Bathroom Accessories,bath,N/A,,118-GR,,Green,,,,,,,0,,,,,,
91,Chenille Non Slip Bath Mat Soft Plush,"Features: Chenille material, soft and comfortable. Thick and dense, absorbs a lot of water. PVC non-slip bottom, more secure. Easy to clean, hand or machine washable. Multi-scene use, can be used in bathroom, kitchen, living room and bedroom. Specifications:&nbsp; Feature: Eco-Friendly Size:&nbsp;50x80 cm / 19x31 inches Color: Green, Gray, Blue, Maroon, Red Top: 3m High Piles of Plus Chenille, Middle Layer: 5mm Sponge, Buttom: PVC Material Package includes: Chenille Non Slip Bath Mat Soft Plush * 1 PC FAQs: HOW MUCH DOES SHIPPING COST? Standard Shipping: $3.99 on all orders below $50. We offer Free shipping on all orders over $50. WHERE DO WE DELIVER? We provide worldwide shipping. HOW LONG WILL IT TAKE FOR THE BUYER TO RECEIVE THEIR ORDER? On average, merchandise is produced and shipped from our facility 2-5 business days after purchase.&nbsp; Transit time: 5-14&nbsp;business days. ",https://marqdeals.com/chenille-non-slip-bath-mat-soft-plush/?variant=91,https://cdn11.bigcommerce.com/s-1544t8v4h8/product_images/attribute_rule_images/9_source_1647274748.jpg,34.99 USD,,In stock,new,Home & Garden > Bathroom Accessories,bath,N/A,,118-BL,,Blue,,,,,,,0,,,,,,
92,Chenille Non Slip Bath Mat Soft Plush,"Features: Chenille material, soft and comfortable. Thick and dense, absorbs a lot of water. PVC non-slip bottom, more secure. Easy to clean, hand or machine washable. Multi-scene use, can be used in bathroom, kitchen, living room and bedroom. Specifications:&nbsp; Feature: Eco-Friendly Size:&nbsp;50x80 cm / 19x31 inches Color: Green, Gray, Blue, Maroon, Red Top: 3m High Piles of Plus Chenille, Middle Layer: 5mm Sponge, Buttom: PVC Material Package includes: Chenille Non Slip Bath Mat Soft Plush * 1 PC FAQs: HOW MUCH DOES SHIPPING COST? Standard Shipping: $3.99 on all orders below $50. We offer Free shipping on all orders over $50. WHERE DO WE DELIVER? We provide worldwide shipping. HOW LONG WILL IT TAKE FOR THE BUYER TO RECEIVE THEIR ORDER? On average, merchandise is produced and shipped from our facility 2-5 business days after purchase.&nbsp; Transit time: 5-14&nbsp;business days. ",https://marqdeals.com/chenille-non-slip-bath-mat-soft-plush/?variant=92,https://cdn11.bigcommerce.com/s-1544t8v4h8/product_images/attribute_rule_images/7_source_1647274748.jpg,34.99 USD,,In stock,new,Home & Garden > Bathroom Accessories,bath,N/A,,118-GR-1,,Gray,,,,,,,0,,,,,,
93,Chenille Non Slip Bath Mat Soft Plush,"Features: Chenille material, soft and comfortable. Thick and dense, absorbs a lot of water. PVC non-slip bottom, more secure. Easy to clean, hand or machine washable. Multi-scene use, can be used in bathroom, kitchen, living room and bedroom. Specifications:&nbsp; Feature: Eco-Friendly Size:&nbsp;50x80 cm / 19x31 inches Color: Green, Gray, Blue, Maroon, Red Top: 3m High Piles of Plus Chenille, Middle Layer: 5mm Sponge, Buttom: PVC Material Package includes: Chenille Non Slip Bath Mat Soft Plush * 1 PC FAQs: HOW MUCH DOES SHIPPING COST? Standard Shipping: $3.99 on all orders below $50. We offer Free shipping on all orders over $50. WHERE DO WE DELIVER? We provide worldwide shipping. HOW LONG WILL IT TAKE FOR THE BUYER TO RECEIVE THEIR ORDER? On average, merchandise is produced and shipped from our facility 2-5 business days after purchase.&nbsp; Transit time: 5-14&nbsp;business days. ",https://marqdeals.com/chenille-non-slip-bath-mat-soft-plush/?variant=93,https://cdn11.bigcommerce.com/s-1544t8v4h8/product_images/attribute_rule_images/11_source_1647274749.jpg,34.99 USD,,In stock,new,Home & Garden > Bathroom Accessories,bath,N/A,,118-MA,,Maroon,,,,,,,0,,,,,,
94,Chenille Non Slip Bath Mat Soft Plush,"Features: Chenille material, soft and comfortable. Thick and dense, absorbs a lot of water. PVC non-slip bottom, more secure. Easy to clean, hand or machine washable. Multi-scene use, can be used in bathroom, kitchen, living room and bedroom. Specifications:&nbsp; Feature: Eco-Friendly Size:&nbsp;50x80 cm / 19x31 inches Color: Green, Gray, Blue, Maroon, Red Top: 3m High Piles of Plus Chenille, Middle Layer: 5mm Sponge, Buttom: PVC Material Package includes: Chenille Non Slip Bath Mat Soft Plush * 1 PC FAQs: HOW MUCH DOES SHIPPING COST? Standard Shipping: $3.99 on all orders below $50. We offer Free shipping on all orders over $50. WHERE DO WE DELIVER? We provide worldwide shipping. HOW LONG WILL IT TAKE FOR THE BUYER TO RECEIVE THEIR ORDER? On average, merchandise is produced and shipped from our facility 2-5 business days after purchase.&nbsp; Transit time: 5-14&nbsp;business days. ",https://marqdeals.com/chenille-non-slip-bath-mat-soft-plush/?variant=94,https://cdn11.bigcommerce.com/s-1544t8v4h8/product_images/attribute_rule_images/10_source_1647274748.jpg,34.99 USD,,In stock,new,Home & Garden > Bathroom Accessories,bath,N/A,,118-RE,,Red,,,,,,,0,,,,,,
95,Creative Nordic Human Face Coffee Cup,"This coffee mug is the best gift for your friends and your family! &nbsp; Specifications:&nbsp; Capacity: 100-200cm Material: Ceramic&nbsp; &nbsp; Color: Black Function: high temperature resistant &nbsp; Package Includes: Black Creative Nordic Human Face Coffee Cup * 1 PC FAQs: HOW MUCH DOES SHIPPING COST? Standard Shipping: $3.99 on all orders below $50. We offer Free shipping on all orders over $50. WHERE DO WE DELIVER? We provide worldwide shipping. HOW LONG WILL IT TAKE FOR THE BUYER TO RECEIVE THEIR ORDER? On average, merchandise is produced and shipped from our facility 2-5 business days after purchase.&nbsp; Transit time: 5-14&nbsp;business days. ",https://marqdeals.com/creative-nordic-human-face-coffee-cup/?variant=95,https://cdn11.bigcommerce.com/s-1544t8v4h8/products/119/images/416/Creative-Nordic-Style-Designer-Cup-Personality-Face-Cup-Couple-Ceramic-Painting-Gold-Ceramic-Coffee-Cup-Breakfast.jpg_Q90.jpg___89537.1647342109.386.513.jpg?c=1,34.97 USD,,In stock,new,Home & Garden > Kitchen & Dining > Kitchen Tools & Utensils > Kitchen Utensil Sets,kitchen,N/A,,,,,,,,,,,0.5,,,,,,
86,Creative Nordic Toothbrush Holder,"This Creative Toothbrush Holder is made of high-quality ceramics, safe and durable. Waterproof &amp; moisture proof, can be used in many places, such as a home, dorm, hotel, and so on. &nbsp; Specifications: Material: ceramics Color: Black, White, Green Package Includes: Creative Toothbrush Holder * 1 pc FAQs: HOW MUCH DOES SHIPPING COST? Standard Shipping: $3.99 on all orders below $50. We offer Free shipping on all orders over $50. WHERE DO WE DELIVER? We provide worldwide shipping. HOW LONG WILL IT TAKE FOR THE BUYER TO RECEIVE THEIR ORDER? On average, merchandise is produced and shipped from our facility 2-5 business days after purchase.&nbsp; Transit time: 5-14&nbsp;business days. ",https://marqdeals.com/creative-toothbrush-holder/?variant=86,https://cdn11.bigcommerce.com/s-1544t8v4h8/product_images/attribute_rule_images/5_source_1647273472.jpg,39.99 USD,,In stock,new,Home & Garden > Bathroom Accessories,bath,N/A,,117-BL,,Black,,,,,,,0,,,,,,
87,Creative Nordic Toothbrush Holder,"This Creative Toothbrush Holder is made of high-quality ceramics, safe and durable. Waterproof &amp; moisture proof, can be used in many places, such as a home, dorm, hotel, and so on. &nbsp; Specifications: Material: ceramics Color: Black, White, Green Package Includes: Creative Toothbrush Holder * 1 pc FAQs: HOW MUCH DOES SHIPPING COST? Standard Shipping: $3.99 on all orders below $50. We offer Free shipping on all orders over $50. WHERE DO WE DELIVER? We provide worldwide shipping. HOW LONG WILL IT TAKE FOR THE BUYER TO RECEIVE THEIR ORDER? On average, merchandise is produced and shipped from our facility 2-5 business days after purchase.&nbsp; Transit time: 5-14&nbsp;business days. ",https://marqdeals.com/creative-toothbrush-holder/?variant=87,https://cdn11.bigcommerce.com/s-1544t8v4h8/product_images/attribute_rule_images/6_source_1647273472.jpg,39.99 USD,,In stock,new,Home & Garden > Bathroom Accessories,bath,N/A,,117-WH,,White,,,,,,,0,,,,,,
88,Creative Nordic Toothbrush Holder,"This Creative Toothbrush Holder is made of high-quality ceramics, safe and durable. Waterproof &amp; moisture proof, can be used in many places, such as a home, dorm, hotel, and so on. &nbsp; Specifications: Material: ceramics Color: Black, White, Green Package Includes: Creative Toothbrush Holder * 1 pc FAQs: HOW MUCH DOES SHIPPING COST? Standard Shipping: $3.99 on all orders below $50. We offer Free shipping on all orders over $50. WHERE DO WE DELIVER? We provide worldwide shipping. HOW LONG WILL IT TAKE FOR THE BUYER TO RECEIVE THEIR ORDER? On average, merchandise is produced and shipped from our facility 2-5 business days after purchase.&nbsp; Transit time: 5-14&nbsp;business days. ",https://marqdeals.com/creative-toothbrush-holder/?variant=88,https://cdn11.bigcommerce.com/s-1544t8v4h8/product_images/attribute_rule_images/4_source_1647273472.jpg,39.99 USD,,In stock,new,Home & Garden > Bathroom Accessories,bath,N/A,,117-GR,,Green,,,,,,,0,,,,,,
78,H&D 120mm Crystal Prism Sun-catcher Nordic Style Rainbow Maker,"Multipurpose Crystal Sun Catcher: Can be used in the kitchen, office, garden, car or any other place you like, it can be the best gift for your friends and family. Specifications: Size: 120mm drop chandelier prism with free string Color: colorful Crystal prisms: lustres de cristal Package Includes:&nbsp; Gift sandbag 1PC *&nbsp;H&amp;D 120mm Crystal Prism FAQs: HOW MUCH DOES SHIPPING COST? Standard Shipping: $3.99 on all orders below $50. We offer Free shipping on all orders over $50. WHERE DO WE DELIVER? We provide worldwide shipping. HOW LONG WILL IT TAKE FOR THE BUYER TO RECEIVE THEIR ORDER? On average, merchandise is produced and shipped from our facility 2-5 business days after purchase.&nbsp; Transit time: 5-14&nbsp;business days. ",https://marqdeals.com/crystal-prism-sun-catcher-rainbow-maker/?variant=78,https://cdn11.bigcommerce.com/s-1544t8v4h8/products/113/images/382/H-D-120mm-AB-Colors-Crystal-Prisms-Suncatcher-Rainbow-Maker-Hanging-Drops-Pendant-For-Window-Chandelier.jpg_Q90.jpg___28483.1647266268.386.513.jpg?c=1,29.99 USD,,In stock,new,Home & Garden > Decor > Suncatchers,decoration,N/A,,,,,,,,,,,1,,,,,,
80,H&D Chakra Tree of Life Suncatcher Nordic Style Handmade Ornament Mandala Crystal,"This awesome art glass tree of life design sun catcher crystal Ornament is the perfect gift for your lover, mom, grandmother or friend, anniversary, celebration. This Crystal ornament will bloom its beauty and sparkle. Ideal for various decorative occasions. Such as crystal decoration, crystal decoration, sunbathing, wedding decoration, party decoration,anniversary decoration. &nbsp; High-quality The round tree of life is made of glass The rainbow beads with the mandala prism is made of k9 crystal. The tree of life is super beautiful and absolutely gorgeous quality. Specifications:&nbsp; Size:&nbsp;41.5*9.4cm 16.3*3.7in Net Weight:&nbsp;190g K9 Crystal prisms: Lustres de cristal &nbsp; FAQs: HOW MUCH DOES SHIPPING COST? Standard Shipping: $3.99 on all orders below $50. We offer Free shipping on all orders over $50. WHERE DO WE DELIVER? We provide worldwide shipping. HOW LONG WILL IT TAKE FOR THE BUYER TO RECEIVE THEIR ORDER? On average, merchandise is produced and shipped from our facility 2-5 business days after purchase.&nbsp; Transit time: 5-14&nbsp;business days. ",https://marqdeals.com/h-d-chakra-tree-of-life-suncatcher-handmade-ornament-mandala-crystal/?variant=80,https://cdn11.bigcommerce.com/s-1544t8v4h8/products/115/images/394/H-D-Chakra-Tree-of-Life-Suncatcher-Handmade-Crystal-Mandala-Prism-Decor-Window-Car-Wall-Art.jpg_Q90.jpg___64633.1647267989.386.513.jpg?c=1,34.99 USD,,In stock,new,Home & Garden > Decor > Suncatchers,decoration,N/A,,,,,,,,,,,0.5,,,,,,
79,H&D Hanging Crystal Prism Suncatcher Nordic Style,"It can be used as a gift for a friend, or as an accessory for windows, gardens, courtyards, lamp beads, etc. It is a very good decoration. Glittering and radiant. &nbsp; Specifications: Size:&nbsp;2.9''&nbsp;drop chandelier prism with free string Color: colorful Crystal prisms: lustres de cristal Package Includes:&nbsp; Gift sandbag 1PC * H&amp;D 2.9''&nbsp;drop chandelier prism &nbsp; FAQs: HOW MUCH DOES SHIPPING COST? Standard Shipping: $3.99 on all orders below $50. We offer Free shipping on all orders over $50. WHERE DO WE DELIVER? We provide worldwide shipping. HOW LONG WILL IT TAKE FOR THE BUYER TO RECEIVE THEIR ORDER? On average, merchandise is produced and shipped from our facility 2-5 business days after purchase.&nbsp; Transit time: 5-14&nbsp;business days. ",https://marqdeals.com/h-d-hanging-crystals-prism-suncatcher/?variant=79,https://cdn11.bigcommerce.com/s-1544t8v4h8/products/114/images/391/H-D-Hanging-Crystals-Prism-Suncatcher-for-Windows-Decoration-76mm-AB-Color-Chandelier-Parts-DIY-Home.jpg_Q90.jpg___94454.1647815798.386.513.jpg?c=1,27.99 USD,,In stock,new,Home & Garden > Decor > Suncatchers,decoration,N/A,,,,,,,,,,,0.5,,,,,,
109,Nordic Style Chakra Crystal Prism DIY Rainbow Crystals,"Usage: Jewelry DIY/ornament/hanging/suncatcher/decor&nbsp; Great for chandeliers, crystal strands, weddings, Christmas tree decorations, art projects,etc Pendant Will make your chandelier look gorgeous and Placed in window ornament will make sparkly Specifications:&nbsp; Material:Cut Glass Crystal Glass&nbsp; Item Type: Chandelier Crystal Feature:&nbsp;Suncatcher crystal prisms Length:&nbsp;175mm Weight:49g&nbsp; Package Includes: Nordic Style Chakra Crystal Prism DIY Rainbow Crystals * 1Pc FAQs: HOW MUCH DOES SHIPPING COST? Standard Shipping: $3.99 on all orders below $50. We offer Free shipping on all orders over $50. WHERE DO WE DELIVER? We provide worldwide shipping. HOW LONG WILL IT TAKE FOR THE BUYER TO RECEIVE THEIR ORDER? On average, merchandise is produced and shipped from our facility 2-5 business days after purchase.&nbsp; Transit time: 5-14&nbsp;business days. ",https://marqdeals.com/nordic-style-chakra-crystal-prism-diy-rainbow-crystals/?variant=109,https://cdn11.bigcommerce.com/s-1544t8v4h8/products/123/images/438/Chakra-Crystal-Prism-DIY-Rainbow-Crystals-Garland-Ball-Beads-Suncatcher-Chandelier-Parts-Pendants-Hanging-Garden-Wedding.jpg_Q90.jpg___10798.1647305254.386.513.jpg?c=1,19.99 USD,,In stock,new,Home & Garden > Decor > Suncatchers,decoration,N/A,,,,,,,,,,,0.5,,,,,,
102,Nordic Style Hydroponic Vase (set of 5 pcs),"Specifications: Material: Resin Size: Height 15cm 5.9in, Height 20cm 7.8in, Height 25cm 9.8in, Height 20cm 7.8in inclined, Height 25cm 9.8in inclined Function:&nbsp;Tabletop Vase Package includes: Nordic Style Hydroponic Vase (Height 15cm 5.9in) * 1PC Nordic Style Hydroponic Vase (Height 20cm 7.8in) * 1PC Nordic Style Hydroponic Vase (Height 25cm 9.8in) * 1PC Nordic Style Hydroponic Vase (Height 20cm 7.8in inclined) * 1PC Nordic Style Hydroponic Vase (Height 25cm 9.8in inclined) * 1PC FAQs: HOW MUCH DOES SHIPPING COST? Standard Shipping: $3.99 on all orders below $50. We offer Free shipping on all orders over $50. WHERE DO WE DELIVER? We provide worldwide shipping. HOW LONG WILL IT TAKE FOR THE BUYER TO RECEIVE THEIR ORDER? On average, merchandise is produced and shipped from our facility 2-5 business days after purchase.&nbsp; Transit time: 5-14&nbsp;business days. ",https://marqdeals.com/nordic-style-hydroponic-vase/?variant=102,https://cdn11.bigcommerce.com/s-1544t8v4h8/products/121/images/427/Nordic-Style-Hydroponic-Vase-Living-Room-Flower-Arrangement-Glass-Transparent-Flower-Vase-Simple-Modern-Desktop-Home.jpg_Q90.jpg___28714.1647279130.386.513.jpg?c=1,79.99 USD,,In stock,new,Home & Garden > Kitchen & Dining > Kitchen Tools & Utensils > Kitchen Utensil Sets,kitchen,N/A,,,,,,,,,,,1,,,,,,
99,Nordic Style Luxury Snack Tray,"This sturdy food storage container contains 4 divided compartments in each tier,&nbsp; make different kinds of food can be placed separately to avoid mixing.&nbsp; Fahsion nordic style, the snack platter is with lid, on the top, there is a deer shaped handle, it's very attractive on the countertop. Perfect for home, caterers, office parties, birthday parties, restaurant and any other indoor /outdoor events. Is great for entertaining family and friends at get-togethers. Features: The snack serving tray is made of food grade PP BPA free Safe &amp; non-toxic Durable, reusable &amp; washable Waterproof, corrosion-resistant and shatter-proof Safe and healthy to put any food you like, great for serving guests or party uses. Specifications:&nbsp; Type: Snack Plates Material: Plastic Usage: candy nuts container Shape: Round Color: Green, Red, Green &amp; White Package includes: 3 Tiers 1 Deer shaped handle * 1 PC FAQs: HOW MUCH DOES SHIPPING COST? Standard Shipping: $3.99 on all orders below $50. We offer Free shipping on all orders over $50. WHERE DO WE DELIVER? We provide worldwide shipping. HOW LONG WILL IT TAKE FOR THE BUYER TO RECEIVE THEIR ORDER? On average, merchandise is produced and shipped from our facility 2-5 business days after purchase.&nbsp; Transit time: 5-14&nbsp;business days. ",https://marqdeals.com/luxury-snack-tray/?variant=99,https://cdn11.bigcommerce.com/s-1544t8v4h8/product_images/attribute_rule_images/15_source_1647277792.jpg,67.99 USD,,In stock,new,Home & Garden > Kitchen & Dining > Kitchen Tools & Utensils > Kitchen Utensil Sets,kitchen,N/A,,120-GR,,Green,,,,,,,0,,,,,,
100,Nordic Style Luxury Snack Tray,"This sturdy food storage container contains 4 divided compartments in each tier,&nbsp; make different kinds of food can be placed separately to avoid mixing.&nbsp; Fahsion nordic style, the snack platter is with lid, on the top, there is a deer shaped handle, it's very attractive on the countertop. Perfect for home, caterers, office parties, birthday parties, restaurant and any other indoor /outdoor events. Is great for entertaining family and friends at get-togethers. Features: The snack serving tray is made of food grade PP BPA free Safe &amp; non-toxic Durable, reusable &amp; washable Waterproof, corrosion-resistant and shatter-proof Safe and healthy to put any food you like, great for serving guests or party uses. Specifications:&nbsp; Type: Snack Plates Material: Plastic Usage: candy nuts container Shape: Round Color: Green, Red, Green &amp; White Package includes: 3 Tiers 1 Deer shaped handle * 1 PC FAQs: HOW MUCH DOES SHIPPING COST? Standard Shipping: $3.99 on all orders below $50. We offer Free shipping on all orders over $50. WHERE DO WE DELIVER? We provide worldwide shipping. HOW LONG WILL IT TAKE FOR THE BUYER TO RECEIVE THEIR ORDER? On average, merchandise is produced and shipped from our facility 2-5 business days after purchase.&nbsp; Transit time: 5-14&nbsp;business days. ",https://marqdeals.com/luxury-snack-tray/?variant=100,https://cdn11.bigcommerce.com/s-1544t8v4h8/product_images/attribute_rule_images/16_source_1647277792.jpg,67.99 USD,,In stock,new,Home & Garden > Kitchen & Dining > Kitchen Tools & Utensils > Kitchen Utensil Sets,kitchen,N/A,,120-RE,,Red,,,,,,,0,,,,,,
77,Resin Angel Nordic Style Figure Sculpture Ornaments,"Decor Your Home, Light Your Dream!With our adorable garden figurines, enliven you outdoor space with life and colors. The Best Housewarming Gift Waterproof Sun Resistant Easy to use Product Details:&nbsp; Material: resin&nbsp; Size: 17*12*29cm / 6.69in*4.72in*11.42in Package includes:&nbsp; 1 PC Resin Angel Figure Sculpture Ornaments FAQs: HOW MUCH DOES SHIPPING COST? Standard Shipping: $3.99 on all orders below $50. We offer Free shipping on all orders over $50. WHERE DO WE DELIVER? We provide worldwide shipping. HOW LONG WILL IT TAKE FOR THE BUYER TO RECEIVE THEIR ORDER? On average, merchandise is produced and shipped from our facility 2-5 business days after purchase.&nbsp; Transit time: 5-14&nbsp;business days. ",https://marqdeals.com/resin-angel-figure-sculpture-ornaments/?variant=77,https://cdn11.bigcommerce.com/s-1544t8v4h8/products/112/images/381/Resin-Angel-Figure-Sculpture-Ornaments-Home-Outdoor-Garden-Flower-Fairy-Girl-Solar-Decor-Villa-Courtyard-Micro.jpg_Q90.jpg___40368.1647263676.386.513.jpg?c=1,44.99 USD,,In stock,new,Home & Garden > Decor > Suncatchers,decoration,N/A,,,,,,,,,,,1,,,,,,
108,Stainless Steel Nordic style Cookware Kitchenware set," One-stop kitchenware set Ceramic exothermic anti-scalding handle Lusury Dark Green Gold Six kinds of kitchen utensils&nbsp; High-quality electroplated stainless steel Specifications:&nbsp; Material: Metal Metal Type: Stainless Steel Feature: Eco-Friendly Feature: Stocked Number of Pieces: 6 Type: Cooking Tool Sets Color: Gold / Green Package includes: 1 * Colander 1 * Spatula 1 * Drain shovel 1 * rice spoon 1 * Spoon 1 * Noodles 1 * Storage rack FAQs: HOW MUCH DOES SHIPPING COST? Standard Shipping: $3.99 on all orders below $50. We offer Free shipping on all orders over $50. WHERE DO WE DELIVER? We provide worldwide shipping. HOW LONG WILL IT TAKE FOR THE BUYER TO RECEIVE THEIR ORDER? On average, merchandise is produced and shipped from our facility 2-5 business days after purchase.&nbsp; Transit time: 5-14&nbsp;business days. ",https://marqdeals.com/stainless-steel-nordic-style-cookware-kitchenware-set/?variant=108,https://cdn11.bigcommerce.com/s-1544t8v4h8/products/122/images/433/6-7PC-Cookware-Kitchenware-set-Nordic-style-Stainless-Steel-kitchen-tools-accessories-luxury-cooking-utensils-Special.jpg_Q90.jpg___52425.1647294236.386.513.jpg?c=1,59.99 USD,,In stock,new,Home & Garden > Kitchen & Dining > Kitchen Tools & Utensils > Kitchen Utensil Sets,kitchen,N/A,,,,,,,,,,,1,,,,,,
